ms,phase,tempC,humPct,pressHpa,gasKOhms,deltaGasKOhms,gasDropPct,deltaHumPct
368,ambient,27.79,27.45,1002.32,19.75,0.00,0.00,0.00
2737,ambient,27.42,26.95,1002.33,18.87,0.00,0.00,0.00
5106,ambient,27.12,26.83,1002.35,18.53,0.00,0.00,0.00
7475,ambient,26.88,26.82,1002.35,18.37,0.00,0.00,0.00
9844,ambient,26.70,26.85,1002.35,18.45,0.00,0.00,0.00
12213,ambient,26.56,26.87,1002.36,18.35,0.00,0.00,0.00
14582,ambient,26.46,26.89,1002.37,18.50,0.00,0.00,0.00
16951,ambient,26.38,26.88,1002.37,18.48,0.00,0.00,0.00
19320,ambient,26.31,26.87,1002.35,18.58,0.00,0.00,0.00
21689,ambient,26.27,26.84,1002.35,18.58,0.00,0.00,0.00
24068,ambient,26.23,26.83,1002.33,18.64,0.00,0.00,0.00
26437,ambient,26.20,26.82,1002.33,18.81,0.00,0.00,0.00
28806,ambient,26.18,26.82,1002.33,18.92,0.00,0.00,0.00
31175,ambient,26.16,26.88,1002.33,18.94,0.00,0.00,0.00
33544,ambient,26.15,26.93,1002.32,18.99,0.00,0.00,0.00
35913,ambient,26.14,26.96,1002.32,19.08,0.00,0.00,0.00
38282,ambient,26.14,26.95,1002.33,19.21,0.00,0.00,0.00
40651,ambient,26.14,26.95,1002.32,19.18,0.00,0.00,0.00
43020,ambient,26.14,26.98,1002.32,19.28,0.00,0.00,0.00
45389,ambient,26.14,26.98,1002.33,19.37,0.00,0.00,0.00
47758,ambient,26.14,26.93,1002.34,19.60,0.00,0.00,0.00
50127,ambient,26.14,26.91,1002.34,19.57,0.00,0.00,0.00
52496,ambient,26.14,26.89,1002.34,19.64,0.00,0.00,0.00
54865,ambient,26.15,26.86,1002.34,19.75,0.00,0.00,0.00
57234,ambient,26.15,26.86,1002.34,19.86,0.00,0.00,0.00
59603,ambient,26.15,26.85,1002.33,19.89,0.00,0.00,0.00
61972,ambient,26.15,26.84,1002.32,19.91,0.00,0.00,0.00
64341,ambient,26.14,26.85,1002.31,20.06,0.00,0.00,0.00
66710,ambient,26.14,26.81,1002.31,20.16,0.00,0.00,0.00
69079,ambient,26.14,26.80,1002.32,20.23,0.00,0.00,0.00
71448,ambient,26.14,26.77,1002.32,20.39,0.00,0.00,0.00
73817,ambient,26.13,26.75,1002.31,20.41,0.00,0.00,0.00
76186,ambient,26.13,26.74,1002.32,20.45,0.00,0.00,0.00
78555,ambient,26.13,26.74,1002.33,20.43,0.00,0.00,0.00
80924,ambient,26.14,26.79,1002.33,20.49,0.00,0.00,0.00
83293,ambient,26.14,26.78,1002.34,20.65,0.00,0.00,0.00
85662,ambient,26.14,26.75,1002.34,20.75,0.00,0.00,0.00
88031,ambient,26.14,26.74,1002.35,20.68,0.00,0.00,0.00
90400,ambient,26.14,26.77,1002.34,20.75,0.00,0.00,0.00
92769,ambient,26.14,26.77,1002.33,20.81,0.00,0.00,0.00
95138,ambient,26.14,26.81,1002.33,20.91,0.00,0.00,0.00
97507,ambient,26.14,26.82,1002.33,20.95,0.00,0.00,0.00
99876,ambient,26.13,26.76,1002.34,21.03,0.00,0.00,0.00
102245,ambient,26.13,26.73,1002.34,21.26,0.00,0.00,0.00
104614,ambient,26.12,26.70,1002.34,21.20,0.00,0.00,0.00
106983,ambient,26.11,26.70,1002.33,21.20,0.00,0.00,0.00
109352,ambient,26.10,26.70,1002.33,21.37,0.00,0.00,0.00
111721,ambient,26.10,26.69,1002.33,21.50,0.00,0.00,0.00
114090,ambient,26.09,26.69,1002.33,21.54,0.00,0.00,0.00
116459,ambient,26.08,26.70,1002.33,21.52,0.00,0.00,0.00
118828,ambient,26.07,26.74,1002.33,21.54,0.00,0.00,0.00
121197,ambient,26.06,26.76,1002.34,21.63,0.00,0.00,0.00
123566,ambient,26.05,26.75,1002.33,21.72,0.00,0.00,0.00
125935,ambient,26.04,26.74,1002.34,21.76,0.00,0.00,0.00
128304,ambient,26.03,26.74,1002.34,21.92,0.00,0.00,0.00
130673,ambient,26.02,26.72,1002.34,21.92,0.00,0.00,0.00
133042,ambient,26.01,26.71,1002.34,21.92,0.00,0.00,0.00
135411,ambient,26.00,26.70,1002.33,22.05,0.00,0.00,0.00
137780,ambient,26.00,26.71,1002.32,21.99,0.00,0.00,0.00
140149,ambient,25.99,26.71,1002.33,22.08,0.00,0.00,0.00
142518,ambient,25.98,26.71,1002.33,22.12,0.00,0.00,0.00
144887,ambient,25.98,26.71,1002.33,22.17,0.00,0.00,0.00
147256,ambient,25.97,26.71,1002.33,22.26,0.00,0.00,0.00
149625,ambient,25.97,26.71,1002.32,22.31,0.00,0.00,0.00
151994,ambient,25.96,26.71,1002.33,22.31,0.00,0.00,0.00
154363,ambient,25.96,26.74,1002.32,22.35,0.00,0.00,0.00
156732,ambient,25.95,26.73,1002.30,22.35,0.00,0.00,0.00
159101,ambient,25.95,26.77,1002.28,22.35,0.00,0.00,0.00
161470,ambient,25.95,26.78,1002.28,22.42,0.00,0.00,0.00
163839,ambient,25.94,26.79,1002.27,22.50,0.00,0.00,0.00
166208,ambient,25.94,26.81,1002.27,22.59,0.00,0.00,0.00
168577,ambient,25.94,26.82,1002.27,22.78,0.00,0.00,0.00
170946,ambient,25.94,26.82,1002.27,22.88,0.00,0.00,0.00
173315,ambient,25.94,26.81,1002.28,22.95,0.00,0.00,0.00
175684,ambient,25.94,26.90,1002.28,22.88,0.00,0.00,0.00
178053,ambient,25.95,26.98,1002.29,22.91,0.00,0.00,0.00
180422,ambient,25.95,26.98,1002.28,23.00,0.00,0.00,0.00
182791,ambient,25.95,26.97,1002.30,23.03,0.00,0.00,0.00
185160,ambient,25.95,26.93,1002.30,23.45,0.00,0.00,0.00
187529,ambient,25.95,26.89,1002.31,23.49,0.00,0.00,0.00
189898,ambient,25.95,26.90,1002.31,23.08,0.00,0.00,0.00
192267,ambient,25.95,26.89,1002.33,23.53,0.00,0.00,0.00
194636,ambient,25.95,26.87,1002.35,23.49,0.00,0.00,0.00
197005,ambient,25.94,26.87,1002.35,23.46,0.00,0.00,0.00
199374,ambient,25.94,26.87,1002.34,23.48,0.00,0.00,0.00
201743,ambient,25.94,26.87,1002.34,23.59,0.00,0.00,0.00
204112,ambient,25.93,26.87,1002.33,23.62,0.00,0.00,0.00
206491,ambient,25.93,26.88,1002.33,23.81,0.00,0.00,0.00
208860,ambient,25.93,26.91,1002.34,23.84,0.00,0.00,0.00
211229,ambient,25.92,26.92,1002.34,23.87,0.00,0.00,0.00
213598,ambient,25.92,26.91,1002.34,23.86,0.00,0.00,0.00
215967,ambient,25.92,26.89,1002.34,24.06,0.00,0.00,0.00
218336,ambient,25.91,26.87,1002.34,24.13,0.00,0.00,0.00
220705,ambient,25.91,26.86,1002.34,24.24,0.00,0.00,0.00
223074,ambient,25.90,26.83,1002.34,24.38,0.00,0.00,0.00
225443,ambient,25.89,26.80,1002.33,24.45,0.00,0.00,0.00
227812,ambient,25.89,26.78,1002.33,24.54,0.00,0.00,0.00
230181,ambient,25.88,26.78,1002.33,24.53,0.00,0.00,0.00
232550,ambient,25.88,26.76,1002.33,24.63,0.00,0.00,0.00
234919,ambient,25.87,26.74,1002.33,24.63,0.00,0.00,0.00
237288,ambient,25.86,26.74,1002.33,24.84,0.00,0.00,0.00
239657,ambient,25.85,26.76,1002.33,24.89,0.00,0.00,0.00
242026,ambient,25.84,26.77,1002.35,24.82,0.00,0.00,0.00
244395,ambient,25.84,26.78,1002.34,24.77,0.00,0.00,0.00
246764,ambient,25.83,26.77,1002.34,24.77,0.00,0.00,0.00
249133,ambient,25.82,26.78,1002.33,24.90,0.00,0.00,0.00
251502,ambient,25.81,26.78,1002.33,24.92,0.00,0.00,0.00
253871,ambient,25.80,26.79,1002.34,25.02,0.00,0.00,0.00
256240,ambient,25.80,26.79,1002.34,25.00,0.00,0.00,0.00
258609,ambient,25.79,26.80,1002.36,25.03,0.00,0.00,0.00
260978,ambient,25.79,26.81,1002.37,25.03,0.00,0.00,0.00
263347,ambient,25.78,26.82,1002.37,25.08,0.00,0.00,0.00
265716,ambient,25.78,26.82,1002.37,25.12,0.00,0.00,0.00
268085,ambient,25.78,26.82,1002.38,25.09,0.00,0.00,0.00
270454,ambient,25.77,26.85,1002.38,25.24,0.00,0.00,0.00
272823,ambient,25.77,26.86,1002.37,25.30,0.00,0.00,0.00
275192,ambient,25.77,26.85,1002.37,25.38,0.00,0.00,0.00
277561,ambient,25.77,26.87,1002.37,25.42,0.00,0.00,0.00
279930,ambient,25.76,26.87,1002.36,25.45,0.00,0.00,0.00
282299,ambient,25.77,26.87,1002.37,25.33,0.00,0.00,0.00
284668,ambient,25.77,26.89,1002.37,25.38,0.00,0.00,0.00
287037,ambient,25.77,26.91,1002.37,25.30,0.00,0.00,0.00
289406,ambient,25.77,26.90,1002.36,25.39,0.00,0.00,0.00
291775,ambient,25.77,26.90,1002.35,25.27,0.00,0.00,0.00
294144,ambient,25.77,26.89,1002.35,25.44,0.00,0.00,0.00
296513,ambient,25.76,26.91,1002.35,25.36,0.00,0.00,0.00
298882,ambient,25.76,26.91,1002.35,25.42,0.00,0.00,0.00
301251,ambient,25.76,26.90,1002.34,25.48,0.00,0.00,0.00
303620,ambient,25.76,26.89,1002.33,25.57,0.00,0.00,0.00
305989,ambient,25.76,26.88,1002.34,25.54,0.00,0.00,0.00
308358,ambient,25.76,26.86,1002.33,25.64,0.00,0.00,0.00
310727,ambient,25.76,26.85,1002.33,25.71,0.00,0.00,0.00
313096,ambient,25.76,26.84,1002.33,25.73,0.00,0.00,0.00
315465,ambient,25.76,26.83,1002.32,25.77,0.00,0.00,0.00
317834,ambient,25.77,26.86,1002.33,25.73,0.00,0.00,0.00
320203,ambient,25.77,26.87,1002.33,25.68,0.00,0.00,0.00
322572,ambient,25.76,26.87,1002.32,25.77,0.00,0.00,0.00
324941,ambient,25.76,26.85,1002.32,25.79,0.00,0.00,0.00
327310,ambient,25.76,26.85,1002.33,25.70,0.00,0.00,0.00
329679,ambient,25.76,26.85,1002.33,25.77,0.00,0.00,0.00
332048,ambient,25.76,26.86,1002.33,25.76,0.00,0.00,0.00
334417,ambient,25.76,26.86,1002.34,25.77,0.00,0.00,0.00
336786,ambient,25.76,26.86,1002.33,25.84,0.00,0.00,0.00
339155,ambient,25.76,26.88,1002.32,25.74,0.00,0.00,0.00
341524,ambient,25.76,26.87,1002.32,25.77,0.00,0.00,0.00
343893,ambient,25.76,26.87,1002.32,25.79,0.00,0.00,0.00
346262,ambient,25.76,26.87,1002.32,25.81,0.00,0.00,0.00
348631,ambient,25.76,26.88,1002.32,25.88,0.00,0.00,0.00
351000,ambient,25.76,26.88,1002.32,25.90,0.00,0.00,0.00
353369,ambient,25.76,26.88,1002.32,25.95,0.00,0.00,0.00
355738,ambient,25.75,26.89,1002.32,26.07,0.00,0.00,0.00
358107,ambient,25.75,26.88,1002.32,26.09,0.00,0.00,0.00
360476,ambient,25.75,26.89,1002.31,26.11,0.00,0.00,0.00
362845,ambient,25.75,26.89,1002.31,26.22,0.00,0.00,0.00
365214,ambient,25.75,26.90,1002.30,26.11,0.00,0.00,0.00
367583,ambient,25.75,26.91,1002.31,26.19,0.00,0.00,0.00
369952,ambient,25.75,26.90,1002.31,26.17,0.00,0.00,0.00
372321,ambient,25.75,26.90,1002.30,26.15,0.00,0.00,0.00
374690,ambient,25.75,26.90,1002.29,26.11,0.00,0.00,0.00
377059,ambient,25.75,26.91,1002.28,26.23,0.00,0.00,0.00
379428,ambient,25.75,26.89,1002.25,26.35,0.00,0.00,0.00
381797,ambient,25.75,26.95,1002.26,26.55,0.00,0.00,0.00
384166,ambient,25.76,26.98,1002.26,26.58,0.00,0.00,0.00
386535,ambient,25.76,27.03,1002.26,26.66,0.00,0.00,0.00
388904,ambient,25.76,27.04,1002.26,26.83,0.00,0.00,0.00
391273,ambient,25.76,27.03,1002.26,26.83,0.00,0.00,0.00
393642,ambient,25.77,27.03,1002.27,26.86,0.00,0.00,0.00
396011,ambient,25.77,27.03,1002.28,27.01,0.00,0.00,0.00
398380,ambient,25.78,27.07,1002.29,26.86,0.00,0.00,0.00
400749,ambient,25.78,27.08,1002.30,26.71,0.00,0.00,0.00
403118,ambient,25.78,27.08,1002.30,26.96,0.00,0.00,0.00
405487,ambient,25.79,27.05,1002.31,27.01,0.00,0.00,0.00
407856,ambient,25.79,27.01,1002.32,27.17,0.00,0.00,0.00
410225,ambient,25.79,26.98,1002.32,27.14,0.00,0.00,0.00
412594,ambient,25.80,26.96,1002.31,27.10,0.00,0.00,0.00
414963,ambient,25.80,26.95,1002.31,27.10,0.00,0.00,0.00
417332,ambient,25.80,26.95,1002.31,27.03,0.00,0.00,0.00
419701,ambient,25.80,26.92,1002.30,27.05,0.00,0.00,0.00
422070,ambient,25.80,26.92,1002.31,27.12,0.00,0.00,0.00
424439,ambient,25.80,26.91,1002.30,27.14,0.00,0.00,0.00
426808,ambient,25.80,26.90,1002.30,27.19,0.00,0.00,0.00
429177,ambient,25.80,26.88,1002.31,27.17,0.00,0.00,0.00
431546,ambient,25.80,26.88,1002.31,27.15,0.00,0.00,0.00
433915,ambient,25.80,26.86,1002.32,27.24,0.00,0.00,0.00
436284,ambient,25.80,26.87,1002.32,27.20,0.00,0.00,0.00
438653,ambient,25.80,26.86,1002.31,27.14,0.00,0.00,0.00
441022,ambient,25.80,26.86,1002.30,27.24,0.00,0.00,0.00
443391,ambient,25.80,26.85,1002.30,27.19,0.00,0.00,0.00
445760,ambient,25.80,26.84,1002.32,27.22,0.00,0.00,0.00
448129,ambient,25.80,26.84,1002.32,27.20,0.00,0.00,0.00
450498,ambient,25.80,26.85,1002.33,27.17,0.00,0.00,0.00
452867,ambient,25.80,26.85,1002.31,27.10,0.00,0.00,0.00
455236,ambient,25.80,26.84,1002.32,27.20,0.00,0.00,0.00
457605,ambient,25.80,26.84,1002.33,27.07,0.00,0.00,0.00
459974,ambient,25.80,26.83,1002.33,27.15,0.00,0.00,0.00
462343,ambient,25.80,26.84,1002.34,27.20,0.00,0.00,0.00
464712,ambient,25.80,26.83,1002.34,27.29,0.00,0.00,0.00
467081,ambient,25.80,26.84,1002.34,27.41,0.00,0.00,0.00
469450,ambient,25.81,26.84,1002.34,27.41,0.00,0.00,0.00
471819,ambient,25.81,26.84,1002.35,27.47,0.00,0.00,0.00
474188,ambient,25.81,26.83,1002.34,27.50,0.00,0.00,0.00
476557,ambient,25.81,26.85,1002.34,27.65,0.00,0.00,0.00
478926,ambient,25.81,26.83,1002.33,27.56,0.00,0.00,0.00
481295,ambient,25.81,26.84,1002.33,27.65,0.00,0.00,0.00
483664,ambient,25.81,26.85,1002.34,27.68,0.00,0.00,0.00
486033,ambient,25.81,26.86,1002.34,27.72,0.00,0.00,0.00
488402,ambient,25.81,26.87,1002.34,27.74,0.00,0.00,0.00
490771,ambient,25.81,26.88,1002.34,27.70,0.00,0.00,0.00
493140,ambient,25.80,26.89,1002.35,27.65,0.00,0.00,0.00
495509,ambient,25.80,26.88,1002.34,27.81,0.00,0.00,0.00
497878,ambient,25.80,26.89,1002.35,27.79,0.00,0.00,0.00
500247,ambient,25.80,26.91,1002.35,27.92,0.00,0.00,0.00
502616,ambient,25.80,26.92,1002.35,27.92,0.00,0.00,0.00
504985,ambient,25.80,26.91,1002.36,27.81,0.00,0.00,0.00
507354,ambient,25.80,26.89,1002.36,27.92,0.00,0.00,0.00
509723,ambient,25.80,26.89,1002.36,28.10,0.00,0.00,0.00
512092,ambient,25.80,26.89,1002.36,28.36,0.00,0.00,0.00
514461,ambient,25.80,26.87,1002.36,28.46,0.00,0.00,0.00
516830,ambient,25.80,26.84,1002.36,28.38,0.00,0.00,0.00
519199,ambient,25.80,26.82,1002.36,28.44,0.00,0.00,0.00
521568,ambient,25.80,26.81,1002.35,28.63,0.00,0.00,0.00
523937,ambient,25.80,26.80,1002.35,28.55,0.00,0.00,0.00
526306,ambient,25.80,26.78,1002.36,28.59,0.00,0.00,0.00
528675,ambient,25.79,26.77,1002.35,28.74,0.00,0.00,0.00
531044,ambient,25.79,26.75,1002.35,28.90,0.00,0.00,0.00
533413,ambient,25.80,26.73,1002.36,28.90,0.00,0.00,0.00
535782,ambient,25.80,26.72,1002.35,29.00,0.00,0.00,0.00
538151,ambient,25.80,26.72,1002.35,28.94,0.00,0.00,0.00
540520,ambient,25.80,26.72,1002.35,28.96,0.00,0.00,0.00
542889,ambient,25.80,26.71,1002.36,28.82,0.00,0.00,0.00
545258,ambient,25.80,26.70,1002.37,29.14,0.00,0.00,0.00
547627,ambient,25.80,26.71,1002.37,28.94,0.00,0.00,0.00
549996,ambient,25.80,26.70,1002.37,29.04,0.00,0.00,0.00
552365,ambient,25.80,26.70,1002.37,29.04,0.00,0.00,0.00
554734,ambient,25.80,26.70,1002.37,29.02,0.00,0.00,0.00
557103,ambient,25.80,26.71,1002.37,29.16,0.00,0.00,0.00
559472,ambient,25.80,26.70,1002.36,29.04,0.00,0.00,0.00
561841,ambient,25.80,26.71,1002.35,28.98,0.00,0.00,0.00
564210,ambient,25.80,26.71,1002.35,28.98,0.00,0.00,0.00
566579,ambient,25.80,26.72,1002.34,28.94,0.00,0.00,0.00
568948,ambient,25.80,26.71,1002.35,28.98,0.00,0.00,0.00
571317,ambient,25.80,26.71,1002.35,29.00,0.00,0.00,0.00
573686,ambient,25.80,26.72,1002.35,29.02,0.00,0.00,0.00
576055,ambient,25.80,26.71,1002.36,29.02,0.00,0.00,0.00
578424,ambient,25.79,26.72,1002.35,29.12,0.00,0.00,0.00
580793,ambient,25.79,26.72,1002.36,29.00,0.00,0.00,0.00
583162,ambient,25.79,26.72,1002.37,29.16,0.00,0.00,0.00
585531,ambient,25.79,26.72,1002.37,29.14,0.00,0.00,0.00
587900,ambient,25.79,26.73,1002.36,29.22,0.00,0.00,0.00
590269,ambient,25.79,26.73,1002.37,29.30,0.00,0.00,0.00
592638,ambient,25.79,26.72,1002.39,29.24,0.00,0.00,0.00
595007,ambient,25.79,26.72,1002.40,29.34,0.00,0.00,0.00
597376,ambient,25.79,26.72,1002.39,29.42,0.00,0.00,0.00
599745,ambient,25.79,26.72,1002.39,29.36,0.00,0.00,0.00
602114,ambient,25.79,26.72,1002.39,29.50,0.00,0.00,0.00
604483,ambient,25.79,26.71,1002.38,29.54,0.00,0.00,0.00
606852,ambient,25.78,26.71,1002.38,29.70,0.00,0.00,0.00
609221,ambient,25.78,26.71,1002.38,29.54,0.00,0.00,0.00
611590,ambient,25.78,26.72,1002.38,29.70,0.00,0.00,0.00
613959,ambient,25.77,26.73,1002.38,29.75,0.00,0.00,0.00
616328,ambient,25.77,26.72,1002.36,29.75,0.00,0.00,0.00
618697,ambient,25.77,26.71,1002.36,29.83,0.00,0.00,0.00
621066,ambient,25.76,26.73,1002.35,29.81,0.00,0.00,0.00
623435,ambient,25.76,26.74,1002.36,29.89,0.00,0.00,0.00
625804,ambient,25.76,26.73,1002.35,29.83,0.00,0.00,0.00
628173,ambient,25.75,26.72,1002.35,29.87,0.00,0.00,0.00
630542,ambient,25.75,26.73,1002.36,29.85,0.00,0.00,0.00
632911,ambient,25.75,26.73,1002.37,29.79,0.00,0.00,0.00
635280,ambient,25.74,26.73,1002.37,29.79,0.00,0.00,0.00
637649,ambient,25.74,26.73,1002.36,29.83,0.00,0.00,0.00
640018,ambient,25.74,26.74,1002.36,29.73,0.00,0.00,0.00
642387,ambient,25.73,26.75,1002.35,29.42,0.00,0.00,0.00
644756,ambient,25.73,26.75,1002.34,29.50,0.00,0.00,0.00
647125,ambient,25.73,26.77,1002.34,29.42,0.00,0.00,0.00
649494,ambient,25.73,26.77,1002.34,29.24,0.00,0.00,0.00
651863,ambient,25.73,26.76,1002.34,29.28,0.00,0.00,0.00
654232,ambient,25.73,26.77,1002.35,29.42,0.00,0.00,0.00
656601,ambient,25.73,26.77,1002.35,29.66,0.00,0.00,0.00
658970,ambient,25.73,26.77,1002.35,29.70,0.00,0.00,0.00
661339,ambient,25.73,26.78,1002.36,29.89,0.00,0.00,0.00
663708,ambient,25.73,26.77,1002.37,29.83,0.00,0.00,0.00
666077,ambient,25.73,26.77,1002.38,29.87,0.00,0.00,0.00
668446,ambient,25.74,26.77,1002.37,29.87,0.00,0.00,0.00
670815,ambient,25.74,26.78,1002.37,30.00,0.00,0.00,0.00
673184,ambient,25.74,26.77,1002.37,30.00,0.00,0.00,0.00
675553,ambient,25.74,26.77,1002.38,30.10,0.00,0.00,0.00
677922,ambient,25.75,26.77,1002.38,30.17,0.00,0.00,0.00
680291,ambient,25.75,26.76,1002.37,30.10,0.00,0.00,0.00
682660,ambient,25.75,26.75,1002.37,29.95,0.00,0.00,0.00
685029,ambient,25.76,26.75,1002.37,29.93,0.00,0.00,0.00
687398,ambient,25.76,26.75,1002.37,30.00,0.00,0.00,0.00
689767,ambient,25.76,26.74,1002.37,29.91,0.00,0.00,0.00
692136,ambient,25.77,26.74,1002.38,29.98,0.00,0.00,0.00
694505,ambient,25.77,26.73,1002.38,30.00,0.00,0.00,0.00
696874,ambient,25.78,26.72,1002.38,29.85,0.00,0.00,0.00
699243,ambient,25.78,26.72,1002.36,29.75,0.00,0.00,0.00
701612,ambient,25.78,26.72,1002.36,29.77,0.00,0.00,0.00
703981,ambient,25.78,26.70,1002.35,29.87,0.00,0.00,0.00
706350,ambient,25.78,26.71,1002.35,30.00,0.00,0.00,0.00
708719,ambient,25.78,26.72,1002.35,30.04,0.00,0.00,0.00
711088,ambient,25.78,26.70,1002.35,30.17,0.00,0.00,0.00
713457,ambient,25.78,26.71,1002.35,30.30,0.00,0.00,0.00
715826,ambient,25.79,26.72,1002.35,30.32,0.00,0.00,0.00
718195,ambient,25.79,26.70,1002.36,30.25,0.00,0.00,0.00
720564,ambient,25.79,26.70,1002.36,30.34,0.00,0.00,0.00
722933,ambient,25.79,26.70,1002.36,30.42,0.00,0.00,0.00
725302,ambient,25.79,26.69,1002.35,30.40,0.00,0.00,0.00
727671,ambient,25.79,26.68,1002.36,30.42,0.00,0.00,0.00
730040,ambient,25.80,26.69,1002.35,30.32,0.00,0.00,0.00
732409,ambient,25.80,26.69,1002.35,30.21,0.00,0.00,0.00
734778,ambient,25.80,26.67,1002.35,30.19,0.00,0.00,0.00
737147,ambient,25.80,26.67,1002.35,30.38,0.00,0.00,0.00
739516,ambient,25.80,26.66,1002.36,30.38,0.00,0.00,0.00
741885,ambient,25.80,26.67,1002.36,30.38,0.00,0.00,0.00
744254,ambient,25.80,26.67,1002.35,30.56,0.00,0.00,0.00
746623,ambient,25.80,26.65,1002.34,30.78,0.00,0.00,0.00
748992,ambient,25.80,26.65,1002.34,30.82,0.00,0.00,0.00
751361,ambient,25.80,26.65,1002.33,30.73,0.00,0.00,0.00
753730,ambient,25.80,26.65,1002.33,30.64,0.00,0.00,0.00
756099,ambient,25.81,26.64,1002.33,30.56,0.00,0.00,0.00
758468,ambient,25.81,26.65,1002.33,30.38,0.00,0.00,0.00
760837,ambient,25.81,26.65,1002.32,30.34,0.00,0.00,0.00
763206,ambient,25.81,26.64,1002.32,30.34,0.00,0.00,0.00
765575,ambient,25.81,26.64,1002.33,30.21,0.00,0.00,0.00
767944,ambient,25.81,26.65,1002.34,30.21,0.00,0.00,0.00
770313,ambient,25.81,26.65,1002.35,30.19,0.00,0.00,0.00
772682,ambient,25.81,26.65,1002.34,30.25,0.00,0.00,0.00
775051,ambient,25.81,26.64,1002.33,30.34,0.00,0.00,0.00
777420,ambient,25.82,26.65,1002.33,30.67,0.00,0.00,0.00
779789,ambient,25.82,26.65,1002.33,30.58,0.00,0.00,0.00
782158,ambient,25.82,26.66,1002.33,30.64,0.00,0.00,0.00
784527,ambient,25.82,26.66,1002.33,30.75,0.00,0.00,0.00
786896,ambient,25.82,26.66,1002.32,30.78,0.00,0.00,0.00
789265,ambient,25.83,26.66,1002.32,30.73,0.00,0.00,0.00
791634,ambient,25.83,26.66,1002.31,30.64,0.00,0.00,0.00
794003,ambient,25.83,26.65,1002.31,30.80,0.00,0.00,0.00
796372,ambient,25.83,26.66,1002.31,30.75,0.00,0.00,0.00
798741,ambient,25.83,26.65,1002.31,30.86,0.00,0.00,0.00
801110,ambient,25.84,26.65,1002.31,30.98,0.00,0.00,0.00
803479,ambient,25.84,26.65,1002.31,31.05,0.00,0.00,0.00
805848,ambient,25.85,26.64,1002.31,31.11,0.00,0.00,0.00
808217,ambient,25.85,26.65,1002.30,30.95,0.00,0.00,0.00
810586,ambient,25.85,26.65,1002.30,31.00,0.00,0.00,0.00
812955,ambient,25.85,26.65,1002.30,31.07,0.00,0.00,0.00
815324,ambient,25.85,26.64,1002.29,31.00,0.00,0.00,0.00
817693,ambient,25.86,26.65,1002.29,31.14,0.00,0.00,0.00
820062,ambient,25.86,26.63,1002.30,31.00,0.00,0.00,0.00
822431,ambient,25.86,26.62,1002.30,31.07,0.00,0.00,0.00
824800,ambient,25.86,26.62,1002.30,31.18,0.00,0.00,0.00
827169,ambient,25.87,26.61,1002.29,31.32,0.00,0.00,0.00
829538,ambient,25.87,26.60,1002.28,31.32,0.00,0.00,0.00
831907,ambient,25.87,26.59,1002.29,31.34,0.00,0.00,0.00
834276,ambient,25.88,26.59,1002.28,31.32,0.00,0.00,0.00
836645,ambient,25.88,26.59,1002.28,31.36,0.00,0.00,0.00
839014,ambient,25.88,26.58,1002.29,31.46,0.00,0.00,0.00
841383,ambient,25.89,26.58,1002.29,31.41,0.00,0.00,0.00
843752,ambient,25.89,26.57,1002.29,31.43,0.00,0.00,0.00
846121,ambient,25.89,26.57,1002.27,31.27,0.00,0.00,0.00
848490,ambient,25.89,26.57,1002.28,31.23,0.00,0.00,0.00
850859,ambient,25.89,26.57,1002.27,31.09,0.00,0.00,0.00
853228,ambient,25.89,26.56,1002.28,30.95,0.00,0.00,0.00
855597,ambient,25.89,26.57,1002.28,30.78,0.00,0.00,0.00
857966,ambient,25.89,26.57,1002.28,30.86,0.00,0.00,0.00
860335,ambient,25.89,26.57,1002.28,30.86,0.00,0.00,0.00
862704,ambient,25.89,26.57,1002.28,30.86,0.00,0.00,0.00
865073,ambient,25.89,26.57,1002.27,31.00,0.00,0.00,0.00
867442,ambient,25.89,26.57,1002.27,31.11,0.00,0.00,0.00
869811,ambient,25.89,26.55,1002.27,31.18,0.00,0.00,0.00
872180,ambient,25.90,26.55,1002.28,31.30,0.00,0.00,0.00
874549,ambient,25.90,26.56,1002.27,31.55,0.00,0.00,0.00
876918,ambient,25.91,26.53,1002.26,31.62,0.00,0.00,0.00
879287,ambient,25.92,26.52,1002.26,31.57,0.00,0.00,0.00
881656,ambient,25.92,26.51,1002.24,31.64,0.00,0.00,0.00
884025,ambient,25.93,26.49,1002.25,31.69,0.00,0.00,0.00
886394,ambient,25.93,26.49,1002.25,31.71,0.00,0.00,0.00
888763,ambient,25.94,26.47,1002.24,31.64,0.00,0.00,0.00
891132,ambient,25.94,26.46,1002.24,31.67,0.00,0.00,0.00
893501,ambient,25.94,26.44,1002.24,31.71,0.00,0.00,0.00
895870,ambient,25.94,26.43,1002.24,31.78,0.00,0.00,0.00
898239,ambient,25.95,26.43,1002.24,31.76,0.00,0.00,0.00
900608,ambient,25.95,26.42,1002.25,31.76,0.00,0.00,0.00
902977,ambient,25.95,26.43,1002.26,31.81,0.00,0.00,0.00
905346,ambient,25.95,26.41,1002.28,31.98,0.00,0.00,0.00
907715,ambient,25.95,26.42,1002.28,31.93,0.00,0.00,0.00
910084,ambient,25.95,26.40,1002.28,31.81,0.00,0.00,0.00
912453,ambient,25.96,26.39,1002.28,32.02,0.00,0.00,0.00
914822,ambient,25.96,26.38,1002.28,31.95,0.00,0.00,0.00
917191,ambient,25.96,26.38,1002.28,32.12,0.00,0.00,0.00
919560,ambient,25.96,26.38,1002.27,32.05,0.00,0.00,0.00
921929,ambient,25.96,26.38,1002.26,32.07,0.00,0.00,0.00
924298,ambient,25.96,26.37,1002.27,31.86,0.00,0.00,0.00
926667,ambient,25.96,26.38,1002.27,31.71,0.00,0.00,0.00
929036,ambient,25.96,26.38,1002.27,31.57,0.00,0.00,0.00
931405,ambient,25.96,26.39,1002.27,31.50,0.00,0.00,0.00
933774,ambient,25.96,26.39,1002.27,31.32,0.00,0.00,0.00
936143,ambient,25.96,26.38,1002.26,31.14,0.00,0.00,0.00
938512,ambient,25.95,26.38,1002.25,31.27,0.00,0.00,0.00
940881,ambient,25.95,26.40,1002.25,31.25,0.00,0.00,0.00
943250,ambient,25.95,26.40,1002.25,31.46,0.00,0.00,0.00
945619,ambient,25.95,26.39,1002.25,31.46,0.00,0.00,0.00
947988,ambient,25.95,26.39,1002.25,31.32,0.00,0.00,0.00
950357,ambient,25.95,26.40,1002.23,31.34,0.00,0.00,0.00
952726,ambient,25.94,26.39,1002.23,31.23,0.00,0.00,0.00
955095,ambient,25.94,26.40,1002.22,31.18,0.00,0.00,0.00
957464,ambient,25.94,26.41,1002.23,31.14,0.00,0.00,0.00
959833,ambient,25.94,26.42,1002.22,31.11,0.00,0.00,0.00
962202,ambient,25.93,26.41,1002.22,31.14,0.00,0.00,0.00
964571,ambient,25.93,26.43,1002.22,31.09,0.00,0.00,0.00
966940,ambient,25.93,26.42,1002.23,31.18,0.00,0.00,0.00
969309,ambient,25.93,26.43,1002.22,31.23,0.00,0.00,0.00
971678,ambient,25.92,26.42,1002.22,31.25,0.00,0.00,0.00
974047,ambient,25.92,26.42,1002.23,31.34,0.00,0.00,0.00
976416,ambient,25.92,26.45,1002.25,31.60,0.00,0.00,0.00
978785,ambient,25.92,26.44,1002.27,31.64,0.00,0.00,0.00
981154,ambient,25.92,26.45,1002.29,31.67,0.00,0.00,0.00
983523,ambient,25.92,26.44,1002.28,31.78,0.00,0.00,0.00
985892,ambient,25.92,26.44,1002.28,31.88,0.00,0.00,0.00
988261,ambient,25.92,26.45,1002.27,31.93,0.00,0.00,0.00
990630,ambient,25.92,26.45,1002.26,32.02,0.00,0.00,0.00
992999,ambient,25.93,26.46,1002.26,32.31,0.00,0.00,0.00
995368,ambient,25.93,26.45,1002.27,32.49,0.00,0.00,0.00
997737,ambient,25.93,26.45,1002.26,32.36,0.00,0.00,0.00
1000106,ambient,25.93,26.44,1002.25,32.66,0.00,0.00,0.00
1002475,ambient,25.93,26.44,1002.24,32.56,0.00,0.00,0.00
1004844,ambient,25.93,26.46,1002.23,32.39,0.00,0.00,0.00
1007213,ambient,25.93,26.45,1002.22,32.27,0.00,0.00,0.00
1009582,ambient,25.93,26.46,1002.22,32.49,0.00,0.00,0.00
1011951,ambient,25.93,26.46,1002.21,32.22,0.00,0.00,0.00
1014320,ambient,25.92,26.46,1002.21,32.24,0.00,0.00,0.00
1016689,ambient,25.92,26.45,1002.20,32.22,0.00,0.00,0.00
1019058,ambient,25.92,26.45,1002.20,32.02,0.00,0.00,0.00
1021427,ambient,25.92,26.46,1002.20,31.93,0.00,0.00,0.00
1023796,ambient,25.92,26.46,1002.21,31.98,0.00,0.00,0.00
1026165,ambient,25.91,26.47,1002.21,31.81,0.00,0.00,0.00
1028534,ambient,25.91,26.48,1002.22,31.81,0.00,0.00,0.00
1030903,ambient,25.91,26.47,1002.22,31.88,0.00,0.00,0.00
1033272,ambient,25.91,26.48,1002.23,31.86,0.00,0.00,0.00
1035641,ambient,25.91,26.46,1002.23,32.02,0.00,0.00,0.00
1038010,ambient,25.91,26.48,1002.21,31.93,0.00,0.00,0.00
1040379,ambient,25.91,26.48,1002.22,31.74,0.00,0.00,0.00
1042748,ambient,25.91,26.48,1002.22,31.78,0.00,0.00,0.00
1045117,ambient,25.91,26.47,1002.22,31.71,0.00,0.00,0.00
1047486,ambient,25.91,26.47,1002.21,31.62,0.00,0.00,0.00
1049855,ambient,25.91,26.48,1002.20,31.60,0.00,0.00,0.00
1052224,ambient,25.91,26.48,1002.20,31.41,0.00,0.00,0.00
1054593,ambient,25.90,26.47,1002.20,31.39,0.00,0.00,0.00
1056962,ambient,25.90,26.48,1002.20,31.36,0.00,0.00,0.00
1059331,ambient,25.90,26.48,1002.20,31.46,0.00,0.00,0.00
1061700,ambient,25.90,26.49,1002.19,31.48,0.00,0.00,0.00
1064069,ambient,25.90,26.49,1002.18,31.46,0.00,0.00,0.00
1066438,ambient,25.90,26.48,1002.20,31.34,0.00,0.00,0.00
1068807,ambient,25.90,26.48,1002.20,31.23,0.00,0.00,0.00
1071176,ambient,25.90,26.50,1002.20,31.23,0.00,0.00,0.00
1073545,ambient,25.90,26.49,1002.22,31.36,0.00,0.00,0.00
1075914,ambient,25.90,26.50,1002.22,31.50,0.00,0.00,0.00
1078283,ambient,25.90,26.50,1002.23,31.55,0.00,0.00,0.00
1080652,ambient,25.90,26.50,1002.22,31.64,0.00,0.00,0.00
1083021,ambient,25.90,26.51,1002.23,31.81,0.00,0.00,0.00
1085390,ambient,25.90,26.51,1002.22,31.98,0.00,0.00,0.00
1087759,ambient,25.90,26.51,1002.22,31.86,0.00,0.00,0.00
1090128,ambient,25.91,26.51,1002.22,31.83,0.00,0.00,0.00
1092497,ambient,25.91,26.50,1002.22,31.78,0.00,0.00,0.00
1094866,ambient,25.91,26.52,1002.22,31.88,0.00,0.00,0.00
1097235,ambient,25.91,26.52,1002.21,31.69,0.00,0.00,0.00
1099604,ambient,25.91,26.52,1002.21,31.74,0.00,0.00,0.00
1101973,ambient,25.92,26.53,1002.21,31.64,0.00,0.00,0.00
1104342,ambient,25.92,26.52,1002.21,31.53,0.00,0.00,0.00
1106711,ambient,25.92,26.52,1002.21,31.39,0.00,0.00,0.00
1109080,ambient,25.92,26.52,1002.20,31.48,0.00,0.00,0.00
1111449,ambient,25.92,26.52,1002.20,31.39,0.00,0.00,0.00
1113818,ambient,25.92,26.51,1002.19,31.36,0.00,0.00,0.00
1116187,ambient,25.92,26.51,1002.19,31.34,0.00,0.00,0.00
1118556,ambient,25.92,26.51,1002.18,31.39,0.00,0.00,0.00
1120925,ambient,25.92,26.51,1002.19,31.25,0.00,0.00,0.00
1123294,ambient,25.92,26.50,1002.20,31.39,0.00,0.00,0.00
1125663,ambient,25.92,26.52,1002.20,31.55,0.00,0.00,0.00
1128032,ambient,25.92,26.52,1002.22,31.55,0.00,0.00,0.00
1130401,ambient,25.92,26.52,1002.22,31.53,0.00,0.00,0.00
1132770,ambient,25.92,26.52,1002.22,31.60,0.00,0.00,0.00
1135139,ambient,25.92,26.53,1002.23,31.64,0.00,0.00,0.00
1137508,ambient,25.92,26.53,1002.23,31.83,0.00,0.00,0.00
1139877,ambient,25.92,26.54,1002.23,31.98,0.00,0.00,0.00
1142246,ambient,25.92,26.54,1002.22,32.12,0.00,0.00,0.00
1144615,ambient,25.92,26.54,1002.21,32.31,0.00,0.00,0.00
1146984,ambient,25.92,26.55,1002.21,32.31,0.00,0.00,0.00
1149353,ambient,25.92,26.53,1002.20,32.36,0.00,0.00,0.00
1151722,ambient,25.92,26.53,1002.20,32.31,0.00,0.00,0.00
1154091,ambient,25.93,26.51,1002.19,32.46,0.00,0.00,0.00
1156460,ambient,25.93,26.53,1002.19,32.39,0.00,0.00,0.00
1158829,ambient,25.93,26.54,1002.18,32.24,0.00,0.00,0.00
1161198,ambient,25.93,26.54,1002.19,32.22,0.00,0.00,0.00
1163567,ambient,25.94,26.55,1002.19,32.31,0.00,0.00,0.00
1165936,ambient,25.94,26.55,1002.19,32.54,0.00,0.00,0.00
1168305,ambient,25.94,26.53,1002.19,32.44,0.00,0.00,0.00
1170674,ambient,25.95,26.52,1002.19,32.49,0.00,0.00,0.00
1173043,ambient,25.95,26.50,1002.17,32.61,0.00,0.00,0.00
1175412,ambient,25.95,26.49,1002.17,32.51,0.00,0.00,0.00
1177781,ambient,25.95,26.48,1002.17,32.51,0.00,0.00,0.00
1180150,ambient,25.96,26.46,1002.18,32.36,0.00,0.00,0.00
1182519,ambient,25.96,26.44,1002.18,32.41,0.00,0.00,0.00
1184888,ambient,25.96,26.45,1002.19,32.76,0.00,0.00,0.00
1187257,ambient,25.96,26.45,1002.19,32.76,0.00,0.00,0.00
1189626,ambient,25.96,26.43,1002.19,32.66,0.00,0.00,0.00
1191995,ambient,25.97,26.44,1002.20,32.59,0.00,0.00,0.00
1194364,ambient,25.97,26.44,1002.20,32.44,0.00,0.00,0.00
1196733,ambient,25.97,26.44,1002.20,32.56,0.00,0.00,0.00
1199102,ambient,25.96,26.44,1002.21,32.44,0.00,0.00,0.00
1201471,ambient,25.97,26.45,1002.22,32.14,0.00,0.00,0.00
1203840,ambient,25.97,26.43,1002.21,32.27,0.00,0.00,0.00
1206209,ambient,25.97,26.43,1002.21,32.36,0.00,0.00,0.00
1208578,ambient,25.97,26.43,1002.22,32.59,0.00,0.00,0.00
1210947,ambient,25.97,26.43,1002.22,32.76,0.00,0.00,0.00
1213316,ambient,25.97,26.42,1002.23,32.79,0.00,0.00,0.00
1215685,ambient,25.97,26.42,1002.22,33.01,0.00,0.00,0.00
1218054,ambient,25.97,26.41,1002.22,32.94,0.00,0.00,0.00
1220423,ambient,25.98,26.41,1002.22,32.94,0.00,0.00,0.00
1222792,ambient,25.98,26.40,1002.22,33.09,0.00,0.00,0.00
1225161,ambient,25.98,26.40,1002.21,32.89,0.00,0.00,0.00
1227530,ambient,25.98,26.38,1002.22,32.79,0.00,0.00,0.00
1229899,ambient,25.98,26.39,1002.22,32.81,0.00,0.00,0.00
1232268,ambient,25.99,26.38,1002.22,32.76,0.00,0.00,0.00
1234637,ambient,25.99,26.37,1002.22,32.71,0.00,0.00,0.00
1237006,ambient,25.99,26.38,1002.21,32.61,0.00,0.00,0.00
1239375,ambient,25.99,26.37,1002.19,32.89,0.00,0.00,0.00
1241744,ambient,25.99,26.38,1002.18,32.96,0.00,0.00,0.00
1244113,ambient,25.99,26.38,1002.17,33.01,0.00,0.00,0.00
1246482,ambient,25.99,26.36,1002.17,32.86,0.00,0.00,0.00
1248851,ambient,25.99,26.37,1002.17,32.74,0.00,0.00,0.00
1251220,ambient,25.99,26.36,1002.17,32.59,0.00,0.00,0.00
1253589,ambient,25.99,26.37,1002.18,32.36,0.00,0.00,0.00
1255958,ambient,25.99,26.38,1002.19,32.24,0.00,0.00,0.00
1258327,ambient,25.99,26.38,1002.19,32.36,0.00,0.00,0.00
1260696,ambient,25.99,26.37,1002.19,32.44,0.00,0.00,0.00
1263065,ambient,25.99,26.38,1002.19,32.54,0.00,0.00,0.00
1265434,ambient,25.99,26.38,1002.20,32.54,0.00,0.00,0.00
1267803,ambient,25.99,26.37,1002.21,32.44,0.00,0.00,0.00
1270172,ambient,26.00,26.38,1002.20,32.59,0.00,0.00,0.00
1272541,ambient,26.00,26.40,1002.20,32.69,0.00,0.00,0.00
1274910,ambient,26.00,26.42,1002.21,32.76,0.00,0.00,0.00
1277279,ambient,26.00,26.44,1002.21,32.91,0.00,0.00,0.00
1279648,ambient,26.00,26.44,1002.22,33.01,0.00,0.00,0.00
1282017,ambient,26.00,26.42,1002.22,33.17,0.00,0.00,0.00
1284386,ambient,26.00,26.41,1002.22,33.27,0.00,0.00,0.00
1286755,ambient,26.01,26.39,1002.22,33.30,0.00,0.00,0.00
1289124,ambient,26.01,26.38,1002.24,33.38,0.00,0.00,0.00
1291493,ambient,26.01,26.37,1002.24,33.32,0.00,0.00,0.00
1293862,ambient,26.01,26.38,1002.24,33.32,0.00,0.00,0.00
1296231,ambient,26.01,26.36,1002.23,33.46,0.00,0.00,0.00
1298600,ambient,26.01,26.38,1002.22,33.51,0.00,0.00,0.00
1300969,ambient,26.01,26.36,1002.22,33.32,0.00,0.00,0.00
1303338,ambient,26.01,26.38,1002.22,33.32,0.00,0.00,0.00
1305707,ambient,26.01,26.37,1002.22,33.19,0.00,0.00,0.00
1308076,ambient,26.01,26.37,1002.22,33.01,0.00,0.00,0.00
1310445,ambient,26.01,26.37,1002.22,32.81,0.00,0.00,0.00
1312814,ambient,26.01,26.38,1002.22,32.71,0.00,0.00,0.00
1315183,ambient,26.01,26.36,1002.22,32.94,0.00,0.00,0.00
1317552,ambient,26.01,26.38,1002.22,32.86,0.00,0.00,0.00
1319921,ambient,26.01,26.37,1002.22,33.12,0.00,0.00,0.00
1322290,ambient,26.01,26.38,1002.21,33.14,0.00,0.00,0.00
1324659,ambient,26.01,26.36,1002.22,33.17,0.00,0.00,0.00
1327028,ambient,26.01,26.37,1002.23,33.14,0.00,0.00,0.00
1329397,ambient,26.01,26.37,1002.23,32.86,0.00,0.00,0.00
1331766,ambient,26.01,26.39,1002.23,32.66,0.00,0.00,0.00
1334135,ambient,26.01,26.46,1002.23,32.69,0.00,0.00,0.00
1336504,ambient,26.01,26.54,1002.23,32.59,0.00,0.00,0.00
1338873,ambient,26.01,26.62,1002.22,32.46,0.00,0.00,0.00
1341242,ambient,26.01,26.65,1002.22,32.36,0.00,0.00,0.00
1343611,ambient,26.01,26.64,1002.23,32.46,0.00,0.00,0.00
1345980,ambient,26.02,26.65,1002.23,32.46,0.00,0.00,0.00
1348349,ambient,26.02,26.62,1002.23,32.29,0.00,0.00,0.00
1350718,ambient,26.02,26.60,1002.24,32.66,0.00,0.00,0.00
1353087,ambient,26.02,26.59,1002.24,32.56,0.00,0.00,0.00
1355456,ambient,26.02,26.58,1002.24,32.39,0.00,0.00,0.00
1357825,ambient,26.02,26.58,1002.24,32.46,0.00,0.00,0.00
1360194,ambient,26.03,26.59,1002.23,32.44,0.00,0.00,0.00
1362563,ambient,26.03,26.60,1002.22,32.24,0.00,0.00,0.00
1364932,ambient,26.03,26.59,1002.22,32.66,0.00,0.00,0.00
1414681,ambient,26.02,26.51,1002.26,32.29,0.09,-0.28,0.02
1417050,ambient,26.02,26.52,1002.27,32.44,0.24,-0.74,0.03
1419419,ambient,26.02,26.54,1002.26,32.61,0.41,-1.28,0.05
1421788,ambient,26.02,26.54,1002.25,32.66,0.46,-1.43,0.05
1424157,ambient,26.02,26.53,1002.24,32.71,0.51,-1.59,0.04
1426526,ambient,26.02,26.54,1002.23,32.79,0.59,-1.82,0.05
1428895,ambient,26.01,26.54,1002.24,32.84,0.64,-1.98,0.05
1431264,ambient,26.01,26.53,1002.25,32.79,0.59,-1.82,0.04
1433633,ambient,26.01,26.53,1002.26,32.64,0.44,-1.36,0.04
1436002,ambient,26.01,26.51,1002.26,32.76,0.56,-1.74,0.02
1438371,ambient,26.01,26.51,1002.27,32.51,0.31,-0.97,0.02
1440740,ambient,26.01,26.52,1002.26,32.36,0.16,-0.51,0.03
1443109,ambient,26.01,26.52,1002.27,32.31,0.12,-0.36,0.03
1445478,ambient,26.01,26.53,1002.26,32.27,0.07,-0.21,0.04
1447847,ambient,26.00,26.52,1002.26,32.56,0.36,-1.12,0.02
1450216,ambient,26.00,26.51,1002.26,32.54,0.34,-1.05,0.02
1452585,ambient,26.00,26.52,1002.25,32.51,0.31,-0.97,0.02
1454954,ambient,26.00,26.52,1002.25,32.44,0.24,-0.74,0.03
1457323,ambient,26.00,26.52,1002.25,32.27,0.07,-0.21,0.02
1459692,ambient,26.00,26.57,1002.24,32.36,0.16,-0.51,0.08
1462061,ambient,25.99,26.76,1002.24,32.17,-0.03,0.10,0.27
1464430,ambient,25.98,27.26,1002.23,31.36,-0.84,2.59,0.77
1466799,fresh_oranges,25.97,27.76,1002.25,30.98,-1.22,3.80,1.26
1469168,fresh_oranges,25.95,27.95,1002.26,30.91,-1.29,4.00,1.45
1471537,fresh_oranges,25.93,27.97,1002.27,31.14,-1.06,3.31,1.48
1473906,fresh_oranges,25.91,27.89,1002.27,31.05,-1.15,3.58,1.40
1476275,fresh_oranges,25.88,28.00,1002.27,30.73,-1.47,4.56,1.51
1478644,fresh_oranges,25.86,28.18,1002.28,30.64,-1.56,4.83,1.69
1481013,fresh_oranges,25.83,28.23,1002.28,30.51,-1.69,5.24,1.74
1483382,fresh_oranges,25.80,28.30,1002.28,30.34,-1.86,5.78,1.80
1485751,fresh_oranges,25.77,28.39,1002.29,30.25,-1.95,6.05,1.90
1488120,fresh_oranges,25.73,28.48,1002.29,30.21,-1.99,6.18,1.99
1490489,fresh_oranges,25.70,28.51,1002.28,30.30,-1.90,5.91,2.02
1492858,fresh_oranges,25.66,28.54,1002.28,30.30,-1.90,5.91,2.04
1495227,fresh_oranges,25.63,28.62,1002.27,30.12,-2.08,6.45,2.13
1497596,fresh_oranges,25.60,28.75,1002.27,30.04,-2.16,6.71,2.25
1499965,fresh_oranges,25.56,28.84,1002.27,30.19,-2.01,6.25,2.35
1502334,fresh_oranges,25.53,28.74,1002.27,30.51,-1.69,5.24,2.25
1504703,fresh_oranges,25.49,28.59,1002.26,30.98,-1.22,3.80,2.09
1507072,fresh_oranges,25.46,28.45,1002.26,31.16,-1.04,3.23,1.95
1509441,fresh_oranges,25.42,28.35,1002.25,31.32,-0.88,2.74,1.86
1511810,fresh_oranges,25.39,28.32,1002.24,31.36,-0.84,2.59,1.82
1514179,fresh_oranges,25.36,28.36,1002.25,31.53,-0.67,2.09,1.87
1516548,fresh_oranges,25.32,28.40,1002.25,31.39,-0.81,2.52,1.91
1518917,fresh_oranges,25.30,28.50,1002.25,31.41,-0.79,2.45,2.01
1521286,fresh_oranges,25.27,28.49,1002.26,31.67,-0.53,1.65,2.00
1523655,fresh_oranges,25.24,28.45,1002.25,31.74,-0.46,1.43,1.96
1526024,fresh_oranges,25.21,28.42,1002.27,32.12,-0.08,0.25,1.93
1528393,fresh_oranges,25.19,28.36,1002.27,32.24,0.04,-0.13,1.87
1530762,fresh_oranges,25.16,28.49,1002.26,31.71,-0.49,1.51,1.99
1533131,fresh_oranges,25.14,28.67,1002.27,31.53,-0.67,2.09,2.17
1535500,fresh_oranges,25.11,28.81,1002.26,31.41,-0.79,2.45,2.32
1537869,fresh_oranges,25.09,28.87,1002.26,31.36,-0.84,2.59,2.38
1540238,fresh_oranges,25.06,28.99,1002.26,31.23,-0.97,3.02,2.50
1542607,fresh_oranges,25.04,29.11,1002.25,31.20,-1.00,3.09,2.62
1544976,fresh_oranges,25.02,29.07,1002.25,31.53,-0.67,2.09,2.58
1547345,fresh_oranges,25.00,29.03,1002.25,31.27,-0.93,2.88,2.54
1549714,fresh_oranges,24.98,29.09,1002.25,31.23,-0.97,3.02,2.60
1552083,fresh_oranges,24.96,29.19,1002.25,31.07,-1.13,3.52,2.69
1554452,fresh_oranges,24.94,29.31,1002.26,30.86,-1.33,4.14,2.82
1556821,fresh_oranges,24.92,29.50,1002.25,30.64,-1.56,4.83,3.01
1559190,fresh_oranges,24.91,29.65,1002.25,30.51,-1.69,5.24,3.16
1561559,fresh_oranges,24.89,29.79,1002.26,30.30,-1.90,5.91,3.30
1563928,fresh_oranges,24.87,29.92,1002.27,30.25,-1.95,6.05,3.43
1566297,fresh_oranges,24.85,29.90,1002.27,30.27,-1.93,5.98,3.41
1568666,fresh_oranges,24.83,29.91,1002.27,30.27,-1.93,5.98,3.42
1571035,fresh_oranges,24.81,29.92,1002.28,30.27,-1.93,5.98,3.43
1573404,fresh_oranges,24.79,29.95,1002.27,30.19,-2.01,6.25,3.46
1575773,fresh_oranges,24.78,30.02,1002.27,30.19,-2.01,6.25,3.52
1578142,fresh_oranges,24.76,30.08,1002.28,30.08,-2.12,6.58,3.59
1580511,fresh_oranges,24.74,30.17,1002.27,30.06,-2.14,6.64,3.68
1582880,fresh_oranges,24.72,30.20,1002.26,29.93,-2.27,7.04,3.71
1585249,fresh_oranges,24.71,30.18,1002.26,30.04,-2.16,6.71,3.69
1587618,fresh_oranges,24.69,30.11,1002.25,30.23,-1.97,6.11,3.61
1589987,fresh_oranges,24.68,30.07,1002.25,30.27,-1.93,5.98,3.58
1592356,fresh_oranges,24.66,30.14,1002.25,30.08,-2.12,6.58,3.64
1594725,fresh_oranges,24.64,30.21,1002.25,30.02,-2.18,6.77,3.72
1597094,fresh_oranges,24.63,30.27,1002.24,30.15,-2.05,6.38,3.78
1599463,fresh_oranges,24.61,30.32,1002.24,29.95,-2.24,6.97,3.83
1601832,fresh_oranges,24.59,30.39,1002.23,29.91,-2.29,7.10,3.90
1604201,fresh_oranges,24.58,30.44,1002.24,29.91,-2.29,7.10,3.95
1606570,fresh_oranges,24.57,30.45,1002.25,30.17,-2.03,6.31,3.96
1608939,fresh_oranges,24.55,30.33,1002.26,30.49,-1.71,5.31,3.84
1611308,fresh_oranges,24.54,30.20,1002.24,30.56,-1.64,5.10,3.70
1613677,fresh_oranges,24.53,30.12,1002.25,30.78,-1.42,4.42,3.62
1616046,fresh_oranges,24.51,30.06,1002.25,30.78,-1.42,4.42,3.57
1618415,fresh_oranges,24.50,30.08,1002.24,30.71,-1.49,4.63,3.59
1620784,fresh_oranges,24.49,30.11,1002.24,30.60,-1.60,4.97,3.62
1623153,fresh_oranges,24.47,30.21,1002.24,30.56,-1.64,5.10,3.72
1625522,fresh_oranges,24.46,30.35,1002.24,30.32,-1.88,5.85,3.86
1627891,fresh_oranges,24.45,30.52,1002.24,30.21,-1.99,6.18,4.03
1630260,fresh_oranges,24.43,30.68,1002.24,29.93,-2.27,7.04,4.19
1632629,fresh_oranges,24.42,30.80,1002.24,29.95,-2.24,6.97,4.31
1634998,fresh_oranges,24.41,30.87,1002.24,29.89,-2.31,7.17,4.38
1637367,fresh_oranges,24.40,30.92,1002.24,29.93,-2.27,7.04,4.42
1639736,fresh_oranges,24.39,30.93,1002.25,30.00,-2.20,6.84,4.43
1642105,fresh_oranges,24.38,30.95,1002.24,29.95,-2.24,6.97,4.46
1644474,fresh_oranges,24.37,30.98,1002.24,29.87,-2.33,7.23,4.49
1646843,fresh_oranges,24.36,31.05,1002.23,29.87,-2.33,7.23,4.56
1649212,fresh_oranges,24.35,31.09,1002.23,29.83,-2.37,7.36,4.60
1651581,fresh_oranges,24.34,31.10,1002.23,29.83,-2.37,7.36,4.61
1653950,fresh_oranges,24.33,31.14,1002.23,29.66,-2.54,7.88,4.65
1656319,fresh_oranges,24.32,31.19,1002.23,29.66,-2.54,7.88,4.70
1658688,fresh_oranges,24.32,31.25,1002.23,29.62,-2.58,8.00,4.76
1661057,fresh_oranges,24.31,31.30,1002.23,29.58,-2.62,8.13,4.81
1663426,fresh_oranges,24.29,31.30,1002.23,29.64,-2.56,7.94,4.81
1665795,fresh_oranges,24.28,31.28,1002.23,29.70,-2.49,7.75,4.79
1668164,fresh_oranges,24.27,31.24,1002.23,29.73,-2.47,7.68,4.75
1670533,fresh_oranges,24.26,31.24,1002.23,29.66,-2.54,7.88,4.74
1672902,fresh_oranges,24.25,31.17,1002.24,29.87,-2.33,7.23,4.67
1675271,fresh_oranges,24.24,31.13,1002.24,29.89,-2.31,7.17,4.64
1677640,fresh_oranges,24.24,31.14,1002.25,30.00,-2.20,6.84,4.64
1680009,fresh_oranges,24.23,31.09,1002.25,30.08,-2.12,6.58,4.59
1682378,fresh_oranges,24.22,31.12,1002.25,29.89,-2.31,7.17,4.63
1684747,fresh_oranges,24.21,31.25,1002.26,29.73,-2.47,7.68,4.76
1687116,fresh_oranges,24.20,31.37,1002.27,29.68,-2.52,7.81,4.88
1689485,fresh_oranges,24.20,31.46,1002.26,29.62,-2.58,8.00,4.97
1691854,fresh_oranges,24.19,31.55,1002.26,29.42,-2.78,8.64,5.05
1694223,fresh_oranges,24.18,31.62,1002.27,29.36,-2.84,8.83,5.13
1696592,fresh_oranges,24.18,31.71,1002.27,29.24,-2.96,9.20,5.22
1698961,fresh_oranges,24.17,31.82,1002.26,29.22,-2.98,9.26,5.33
1701330,fresh_oranges,24.16,31.91,1002.25,29.28,-2.92,9.08,5.42
1703699,fresh_oranges,24.16,31.97,1002.25,29.10,-3.10,9.63,5.48
1706068,fresh_oranges,24.15,32.00,1002.25,29.12,-3.08,9.57,5.50
1708437,fresh_oranges,24.15,31.95,1002.25,29.42,-2.78,8.64,5.45
1710806,fresh_oranges,24.14,31.79,1002.26,29.52,-2.68,8.32,5.30
1713175,fresh_oranges,24.13,31.75,1002.25,29.50,-2.70,8.39,5.26
1715544,fresh_oranges,24.13,31.71,1002.25,29.60,-2.60,8.07,5.22
1717913,fresh_oranges,24.12,31.57,1002.25,30.10,-2.10,6.51,5.08
1720282,fresh_oranges,24.12,31.29,1002.26,30.86,-1.33,4.14,4.80
1722651,fresh_oranges,24.12,30.97,1002.26,31.14,-1.06,3.31,4.48
1725020,fresh_oranges,24.12,30.72,1002.26,31.46,-0.74,2.31,4.23
1727389,fresh_oranges,24.11,30.58,1002.27,31.57,-0.63,1.95,4.09
1729758,fresh_oranges,24.11,30.52,1002.28,31.53,-0.67,2.09,4.03
1732127,fresh_oranges,24.11,30.53,1002.27,31.50,-0.70,2.16,4.04
1734496,fresh_oranges,24.10,30.60,1002.28,31.32,-0.88,2.74,4.11
1736865,fresh_oranges,24.10,30.66,1002.27,31.32,-0.88,2.74,4.17
1739234,fresh_oranges,24.10,30.67,1002.28,31.41,-0.79,2.45,4.18
1741603,fresh_oranges,24.10,30.68,1002.28,31.41,-0.79,2.45,4.19
1743972,fresh_oranges,24.10,30.70,1002.28,31.34,-0.86,2.67,4.21
1746341,fresh_oranges,24.10,30.73,1002.28,31.34,-0.86,2.67,4.24
1748710,fresh_oranges,24.09,30.74,1002.27,31.32,-0.88,2.74,4.25
1751079,fresh_oranges,24.09,30.77,1002.27,31.18,-1.02,3.16,4.27
1753448,fresh_oranges,24.09,30.85,1002.27,31.09,-1.11,3.45,4.36
1755817,fresh_oranges,24.09,30.93,1002.26,30.95,-1.24,3.86,4.44
1758186,fresh_oranges,24.08,31.03,1002.26,30.95,-1.24,3.86,4.53
1760555,fresh_oranges,24.08,31.11,1002.26,30.91,-1.29,4.00,4.61
1762924,fresh_oranges,24.08,31.16,1002.26,30.84,-1.36,4.21,4.67
1765293,fresh_oranges,24.08,31.16,1002.27,30.91,-1.29,4.00,4.66
1767662,fresh_oranges,24.07,31.16,1002.27,30.95,-1.24,3.86,4.67
1770031,fresh_oranges,24.07,31.17,1002.28,30.78,-1.42,4.42,4.68
1772400,fresh_oranges,24.06,31.24,1002.27,30.73,-1.47,4.56,4.74
1774769,fresh_oranges,24.06,31.33,1002.28,30.67,-1.53,4.76,4.84
1777138,fresh_oranges,24.06,31.43,1002.28,30.45,-1.75,5.44,4.94
1779507,fresh_oranges,24.06,31.56,1002.28,30.15,-2.05,6.38,5.07
1781876,fresh_oranges,24.05,31.65,1002.28,30.30,-1.90,5.91,5.16
1784245,fresh_oranges,24.04,31.75,1002.27,30.15,-2.05,6.38,5.26
1786614,fresh_oranges,24.04,31.78,1002.27,30.25,-1.95,6.05,5.29
1788983,fresh_oranges,24.04,31.72,1002.27,30.30,-1.90,5.91,5.23
1791352,fresh_oranges,24.03,31.67,1002.27,30.36,-1.84,5.71,5.18
1793721,fresh_oranges,24.03,31.65,1002.27,30.21,-1.99,6.18,5.15
1796090,fresh_oranges,24.02,31.66,1002.26,30.30,-1.90,5.91,5.16
1798459,fresh_oranges,24.02,31.69,1002.26,30.21,-1.99,6.18,5.20
1800828,fresh_oranges,24.01,31.78,1002.25,30.06,-2.14,6.64,5.29
1803197,fresh_oranges,24.01,31.85,1002.25,30.02,-2.18,6.77,5.35
1805566,fresh_oranges,24.01,31.88,1002.26,30.02,-2.18,6.77,5.39
1807935,fresh_oranges,24.00,31.91,1002.27,30.04,-2.16,6.71,5.42
1810304,fresh_oranges,24.00,31.94,1002.27,30.06,-2.14,6.64,5.45
1812673,fresh_oranges,23.99,31.87,1002.27,30.34,-1.86,5.78,5.37
1815042,fresh_oranges,23.99,31.76,1002.27,30.45,-1.75,5.44,5.27
1817411,fresh_oranges,23.99,31.74,1002.27,30.32,-1.88,5.85,5.25
1819780,fresh_oranges,23.98,31.81,1002.26,30.21,-1.99,6.18,5.31
1822149,fresh_oranges,23.98,31.87,1002.26,30.06,-2.14,6.64,5.38
1824518,fresh_oranges,23.98,31.90,1002.26,30.23,-1.97,6.11,5.41
1826887,fresh_oranges,23.98,31.83,1002.26,30.38,-1.82,5.64,5.34
1829256,fresh_oranges,23.97,31.75,1002.26,30.38,-1.82,5.64,5.25
1831625,fresh_oranges,23.97,31.71,1002.26,30.38,-1.82,5.64,5.21
1833994,fresh_oranges,23.96,31.70,1002.26,30.38,-1.82,5.64,5.20
1836363,fresh_oranges,23.96,31.76,1002.27,30.17,-2.03,6.31,5.26
1838732,fresh_oranges,23.96,31.84,1002.26,30.25,-1.95,6.05,5.35
1841101,fresh_oranges,23.96,31.79,1002.26,30.53,-1.67,5.17,5.30
1843470,fresh_oranges,23.96,31.59,1002.26,31.23,-0.97,3.02,5.09
1845839,fresh_oranges,23.95,31.29,1002.26,31.50,-0.70,2.16,4.80
1848208,fresh_oranges,23.95,31.10,1002.26,31.71,-0.49,1.51,4.61
1850577,fresh_oranges,23.95,30.86,1002.27,32.36,0.16,-0.51,4.37
1852946,fresh_oranges,23.95,30.66,1002.27,32.41,0.21,-0.66,4.17
1855315,fresh_oranges,23.95,30.58,1002.27,32.64,0.44,-1.36,4.09
1857684,fresh_oranges,23.95,30.56,1002.28,32.46,0.26,-0.82,4.07
1860053,fresh_oranges,23.95,30.64,1002.28,32.00,-0.20,0.62,4.15
1862422,fresh_oranges,23.95,30.76,1002.28,31.86,-0.34,1.07,4.27
1864791,fresh_oranges,23.95,30.82,1002.28,32.19,-0.01,0.02,4.33
1867160,fresh_oranges,23.96,30.71,1002.28,32.41,0.21,-0.66,4.21
1869529,fresh_oranges,23.96,30.59,1002.28,32.34,0.14,-0.43,4.10
1871898,fresh_oranges,23.96,30.61,1002.29,32.24,0.04,-0.13,4.12
1874267,fresh_oranges,23.97,30.64,1002.29,32.22,0.02,-0.05,4.15
1876636,fresh_oranges,23.97,30.70,1002.29,32.02,-0.18,0.54,4.20
1879005,fresh_oranges,23.98,30.74,1002.29,32.12,-0.08,0.25,4.25
1881374,fresh_oranges,23.98,30.78,1002.29,31.98,-0.22,0.69,4.28
1883743,fresh_oranges,23.98,30.82,1002.29,31.76,-0.44,1.36,4.33
1886112,fresh_oranges,23.99,30.89,1002.28,31.81,-0.39,1.21,4.40
1888481,fresh_oranges,23.99,31.02,1002.28,31.57,-0.63,1.95,4.53
1890850,fresh_oranges,23.99,31.17,1002.28,31.25,-0.95,2.95,4.68
1893219,fresh_oranges,23.99,31.33,1002.28,31.14,-1.06,3.31,4.83
1895588,fresh_oranges,23.99,31.44,1002.29,31.09,-1.11,3.45,4.94
1897957,fresh_oranges,24.00,31.47,1002.29,31.09,-1.11,3.45,4.98
1900326,fresh_oranges,24.00,31.50,1002.29,31.00,-1.20,3.72,5.01
1902695,fresh_oranges,24.00,31.49,1002.29,31.09,-1.11,3.45,4.99
1905064,fresh_oranges,24.00,31.49,1002.28,30.95,-1.24,3.86,5.00
1907433,fresh_oranges,24.00,31.50,1002.28,31.11,-1.09,3.37,5.01
1909802,fresh_oranges,24.00,31.33,1002.28,31.43,-0.77,2.38,4.84
1912171,fresh_oranges,24.00,31.25,1002.28,31.23,-0.97,3.02,4.76
1914540,fresh_oranges,24.01,31.31,1002.28,31.23,-0.97,3.02,4.82
1916909,fresh_oranges,24.00,31.32,1002.27,31.27,-0.93,2.88,4.83
1919278,fresh_oranges,24.00,31.27,1002.27,31.41,-0.79,2.45,4.78
1921647,fresh_oranges,24.01,31.25,1002.26,31.32,-0.88,2.74,4.75
1924016,fresh_oranges,24.01,31.20,1002.26,31.43,-0.77,2.38,4.71
1926385,fresh_oranges,24.01,31.15,1002.26,31.48,-0.72,2.23,4.66
1928754,fresh_oranges,24.01,31.12,1002.25,31.74,-0.46,1.43,4.62
1931123,fresh_oranges,24.01,30.96,1002.25,32.24,0.04,-0.13,4.47
1933492,fresh_oranges,24.01,30.81,1002.25,32.17,-0.03,0.10,4.31
1935861,fresh_oranges,24.01,30.76,1002.24,32.17,-0.03,0.10,4.27
1938230,fresh_oranges,24.01,30.72,1002.24,32.19,-0.01,0.02,4.22
1940599,fresh_oranges,24.01,30.72,1002.24,32.02,-0.18,0.54,4.22
1942968,fresh_oranges,24.01,30.75,1002.24,32.05,-0.15,0.47,4.25
1945337,fresh_oranges,24.01,30.82,1002.24,31.71,-0.49,1.51,4.33
1947706,fresh_oranges,24.01,30.97,1002.24,31.50,-0.70,2.16,4.48
1950075,fresh_oranges,24.01,31.13,1002.24,31.32,-0.88,2.74,4.64
1952444,fresh_oranges,24.01,31.25,1002.24,31.09,-1.11,3.45,4.76
1954813,fresh_oranges,24.00,31.39,1002.24,31.05,-1.15,3.58,4.90
1957182,fresh_oranges,24.00,31.49,1002.24,30.95,-1.24,3.86,5.00
1959551,fresh_oranges,24.00,31.59,1002.24,30.71,-1.49,4.63,5.10
1961920,fresh_oranges,24.00,31.67,1002.25,30.71,-1.49,4.63,5.17
1964289,fresh_oranges,24.00,31.74,1002.25,30.51,-1.69,5.24,5.24
1966658,fresh_oranges,23.99,31.82,1002.25,30.51,-1.69,5.24,5.33
1969027,fresh_oranges,23.99,31.88,1002.26,30.34,-1.86,5.78,5.39
1971396,fresh_oranges,23.99,31.88,1002.26,30.40,-1.80,5.58,5.39
1973765,fresh_oranges,23.98,31.87,1002.26,30.49,-1.71,5.31,5.37
1976134,fresh_oranges,23.98,31.83,1002.26,30.58,-1.62,5.04,5.34
1978503,fresh_oranges,23.97,31.76,1002.25,30.53,-1.67,5.17,5.26
1980872,fresh_oranges,23.97,31.67,1002.25,30.82,-1.38,4.28,5.18
1983241,fresh_oranges,23.97,31.65,1002.26,30.69,-1.51,4.69,5.16
1985610,fresh_oranges,23.96,31.70,1002.26,30.58,-1.62,5.04,5.21
1987979,fresh_oranges,23.96,31.74,1002.26,30.53,-1.67,5.17,5.25
1990348,fresh_oranges,23.96,31.74,1002.26,30.58,-1.62,5.04,5.25
1992717,fresh_oranges,23.95,31.74,1002.26,30.56,-1.64,5.10,5.25
1995086,fresh_oranges,23.94,31.79,1002.25,30.56,-1.64,5.10,5.30
1997455,fresh_oranges,23.94,31.88,1002.24,30.38,-1.82,5.64,5.39
1999824,fresh_oranges,23.94,31.99,1002.24,30.30,-1.90,5.91,5.50
2002193,fresh_oranges,23.93,32.11,1002.23,30.12,-2.08,6.45,5.62
2004562,fresh_oranges,23.93,32.21,1002.23,29.98,-2.22,6.90,5.72
2006931,fresh_oranges,23.92,32.26,1002.22,30.12,-2.08,6.45,5.76
2009300,fresh_oranges,23.92,32.18,1002.22,30.34,-1.86,5.78,5.69
2011669,fresh_oranges,23.92,32.13,1002.21,30.27,-1.93,5.98,5.64
2014038,fresh_oranges,23.91,32.14,1002.21,30.17,-2.03,6.31,5.65
2016407,fresh_oranges,23.90,32.17,1002.21,30.15,-2.05,6.38,5.67
2018776,fresh_oranges,23.90,32.17,1002.21,30.23,-1.97,6.11,5.67
2021145,fresh_oranges,23.89,32.17,1002.21,30.17,-2.03,6.31,5.68
2023514,fresh_oranges,23.89,32.15,1002.22,30.36,-1.84,5.71,5.66
2025883,fresh_oranges,23.89,32.09,1002.21,30.42,-1.77,5.51,5.60
2028252,fresh_oranges,23.88,32.12,1002.21,30.25,-1.95,6.05,5.63
2030621,fresh_oranges,23.88,32.15,1002.21,30.36,-1.84,5.71,5.66
2032990,fresh_oranges,23.88,32.08,1002.21,30.56,-1.64,5.10,5.58
2035359,fresh_oranges,23.88,31.85,1002.21,31.00,-1.20,3.72,5.36
2037728,fresh_oranges,23.88,31.61,1002.19,31.41,-0.79,2.45,5.12
2040097,fresh_oranges,23.88,31.41,1002.19,31.67,-0.53,1.65,4.92
2042466,fresh_oranges,23.88,31.13,1002.18,32.27,0.07,-0.21,4.64
2044835,fresh_oranges,23.89,30.87,1002.18,32.71,0.51,-1.59,4.37
2047204,fresh_oranges,23.90,30.63,1002.18,32.91,0.71,-2.22,4.14
2049573,fresh_oranges,23.90,30.49,1002.18,33.04,0.84,-2.61,4.00
2051942,fresh_oranges,23.91,30.41,1002.18,32.94,0.74,-2.29,3.92
2054311,fresh_oranges,23.91,30.45,1002.19,32.89,0.69,-2.14,3.96
2056680,fresh_oranges,23.91,30.59,1002.19,32.49,0.29,-0.89,4.10
2059049,fresh_oranges,23.92,30.71,1002.20,32.36,0.16,-0.51,4.21
2061418,fresh_oranges,23.93,30.82,1002.22,32.14,-0.06,0.17,4.32
2063787,fresh_oranges,23.93,30.90,1002.22,32.12,-0.08,0.25,4.41
2066156,fresh_oranges,23.93,31.04,1002.23,31.78,-0.41,1.29,4.55
2068525,fresh_oranges,23.93,31.21,1002.23,31.57,-0.63,1.95,4.72
2070894,fresh_oranges,23.93,31.41,1002.23,31.46,-0.74,2.31,4.92
2073263,fresh_oranges,23.93,31.53,1002.24,31.20,-1.00,3.09,5.04
2075632,fresh_oranges,23.92,31.64,1002.24,31.00,-1.20,3.72,5.15
2078001,fresh_oranges,23.92,31.70,1002.25,31.23,-0.97,3.02,5.20
2080370,fresh_oranges,23.92,31.55,1002.25,31.62,-0.58,1.80,5.06
2082739,fresh_oranges,23.92,31.28,1002.24,32.07,-0.13,0.40,4.79
2085108,fresh_oranges,23.92,31.03,1002.23,32.59,0.39,-1.20,4.54
2087477,fresh_oranges,23.92,30.84,1002.23,32.56,0.36,-1.12,4.35
2089846,fresh_oranges,23.92,30.81,1002.22,32.41,0.21,-0.66,4.31
2092215,fresh_oranges,23.92,30.92,1002.21,32.05,-0.15,0.47,4.43
2094584,fresh_oranges,23.92,31.08,1002.20,31.74,-0.46,1.43,4.59
2096953,fresh_oranges,23.93,31.25,1002.21,31.48,-0.72,2.23,4.76
2099322,fresh_oranges,23.93,31.42,1002.21,31.27,-0.93,2.88,4.93
2101691,fresh_oranges,23.93,31.47,1002.21,31.55,-0.65,2.02,4.98
2104060,fresh_oranges,23.93,31.39,1002.20,31.60,-0.60,1.87,4.90
2106429,fresh_oranges,23.93,31.33,1002.20,31.67,-0.53,1.65,4.84
2108798,fresh_oranges,23.93,31.34,1002.19,31.62,-0.58,1.80,4.85
2111167,fresh_oranges,23.93,31.38,1002.20,31.43,-0.77,2.38,4.89
2113536,fresh_oranges,23.93,31.42,1002.20,31.60,-0.60,1.87,4.93
2115905,fresh_oranges,23.94,31.41,1002.20,31.46,-0.74,2.31,4.92
2118274,fresh_oranges,23.93,31.43,1002.20,31.39,-0.81,2.52,4.94
2120643,fresh_oranges,23.93,31.48,1002.20,31.34,-0.86,2.67,4.98
2123012,fresh_oranges,23.93,31.50,1002.21,31.27,-0.93,2.88,5.01
2125381,fresh_oranges,23.93,31.50,1002.20,31.36,-0.84,2.59,5.00
2127750,fresh_oranges,23.93,31.49,1002.20,31.32,-0.88,2.74,5.00
2130119,fresh_oranges,23.93,31.51,1002.20,31.27,-0.93,2.88,5.02
2132488,fresh_oranges,23.93,31.55,1002.20,31.25,-0.95,2.95,5.06
2134857,fresh_oranges,23.93,31.56,1002.21,31.27,-0.93,2.88,5.07
2137226,fresh_oranges,23.92,31.59,1002.22,31.23,-0.97,3.02,5.10
2139595,fresh_oranges,23.92,31.54,1002.21,31.60,-0.60,1.87,5.05
2141964,fresh_oranges,23.93,31.37,1002.22,32.05,-0.15,0.47,4.88
2144333,fresh_oranges,23.93,31.16,1002.22,32.36,0.16,-0.51,4.67
2146702,fresh_oranges,23.93,30.95,1002.22,32.76,0.56,-1.74,4.46
2149071,fresh_oranges,23.94,30.78,1002.21,32.99,0.79,-2.45,4.29
2151440,fresh_oranges,23.94,30.69,1002.21,32.96,0.76,-2.37,4.20
2153809,fresh_oranges,23.94,30.75,1002.22,32.66,0.46,-1.43,4.25
2156178,fresh_oranges,23.95,30.91,1002.21,32.44,0.24,-0.74,4.41
2158547,fresh_oranges,23.95,31.04,1002.21,32.17,-0.03,0.10,4.55
2160916,fresh_oranges,23.97,31.04,1002.20,32.76,0.56,-1.74,4.55
2163285,old_oranges,24.00,30.81,1002.21,33.19,1.00,-3.09,4.31
2165654,old_oranges,24.03,30.57,1002.21,32.96,0.76,-2.37,4.08
2168023,old_oranges,24.06,30.77,1002.21,31.43,-0.77,2.38,4.28
2170392,old_oranges,24.09,31.08,1002.20,30.60,-1.60,4.97,4.59
2172761,old_oranges,24.12,31.06,1002.20,30.04,-2.16,6.71,4.57
2175130,old_oranges,24.16,31.09,1002.19,29.68,-2.52,7.81,4.59
2177499,old_oranges,24.19,31.44,1002.19,28.44,-3.76,11.68,4.95
2179868,old_oranges,24.23,32.27,1002.19,26.38,-5.82,18.07,5.77
2182237,old_oranges,24.27,33.18,1002.19,23.83,-8.37,25.99,6.69
2184606,old_oranges,24.31,33.92,1002.19,22.08,-10.12,31.44,7.42
2186975,old_oranges,24.35,34.99,1002.19,16.56,-15.64,48.58,8.50
2189344,old_oranges,24.38,36.82,1002.19,14.73,-17.47,54.26,10.33
2191713,old_oranges,24.41,37.79,1002.20,12.92,-19.28,59.88,11.30
2194082,old_oranges,24.44,38.71,1002.19,12.30,-19.90,61.80,12.21
2196451,old_oranges,24.46,38.71,1002.19,12.19,-20.01,62.15,12.22
2198820,old_oranges,24.49,38.59,1002.20,11.68,-20.52,63.73,12.10
2201189,old_oranges,24.51,38.95,1002.20,11.37,-20.83,64.70,12.46
2203558,old_oranges,24.52,38.99,1002.19,11.49,-20.71,64.32,12.50
2205927,old_oranges,24.54,38.36,1002.19,11.61,-20.58,63.93,11.87
2208296,old_oranges,24.56,37.51,1002.20,11.91,-20.28,63.00,11.02
2210665,old_oranges,24.58,36.62,1002.19,12.55,-19.65,61.01,10.13
2213034,old_oranges,24.59,35.45,1002.19,13.15,-19.05,59.16,8.96
2215403,old_oranges,24.61,34.62,1002.20,13.38,-18.82,58.45,8.12
2217772,old_oranges,24.62,34.20,1002.20,13.68,-18.52,57.51,7.71
2220141,old_oranges,24.63,34.00,1002.21,14.08,-18.12,56.28,7.50
2222510,old_oranges,24.64,33.57,1002.22,14.73,-17.47,54.26,7.07
2224879,old_oranges,24.65,33.10,1002.23,14.74,-17.46,54.23,6.61
2227248,old_oranges,24.66,33.35,1002.22,13.52,-18.68,58.02,6.85
2229617,old_oranges,24.67,34.43,1002.23,12.04,-20.16,62.60,7.94
2231986,old_oranges,24.68,35.39,1002.23,11.27,-20.93,65.00,8.90
2234355,old_oranges,24.69,36.36,1002.23,10.04,-22.16,68.82,9.87
2236724,old_oranges,24.70,38.25,1002.22,9.35,-22.85,70.98,11.76
2239093,old_oranges,24.70,39.05,1002.22,9.61,-22.59,70.17,12.56
2241462,old_oranges,24.71,38.21,1002.23,10.29,-21.91,68.04,11.72
2243831,old_oranges,24.72,37.04,1002.25,10.99,-21.21,65.86,10.55
2246200,old_oranges,24.73,35.89,1002.24,12.06,-20.14,62.53,9.40
2248569,old_oranges,24.73,34.90,1002.24,12.78,-19.42,60.31,8.41
2250938,old_oranges,24.74,34.06,1002.23,13.69,-18.51,57.49,7.57
2253307,old_oranges,24.75,33.19,1002.23,14.52,-17.68,54.91,6.70
2255676,old_oranges,24.75,32.40,1002.23,15.41,-16.79,52.14,5.90
2258045,old_oranges,24.76,31.72,1002.22,16.23,-15.97,49.59,5.23
2260414,old_oranges,24.76,31.37,1002.23,16.43,-15.77,48.97,4.88
2262783,old_oranges,24.77,31.32,1002.24,16.85,-15.35,47.68,4.83
2265152,old_oranges,24.78,31.07,1002.24,17.54,-14.66,45.53,4.58
2267521,old_oranges,24.78,30.79,1002.23,18.21,-13.99,43.44,4.30
2269890,old_oranges,24.79,30.54,1002.23,18.67,-13.52,42.00,4.05
2272259,old_oranges,24.79,30.56,1002.24,18.87,-13.33,41.39,4.07
2274628,old_oranges,24.80,30.63,1002.23,19.04,-13.16,40.87,4.13
2276997,old_oranges,24.80,30.90,1002.23,17.89,-14.31,44.43,4.40
2279366,old_oranges,24.80,32.31,1002.24,14.86,-17.34,53.84,5.82
2281735,old_oranges,24.81,34.26,1002.23,13.73,-18.47,57.35,7.77
2284104,old_oranges,24.81,35.34,1002.24,13.22,-18.98,58.93,8.85
2286473,old_oranges,24.82,35.86,1002.24,13.17,-19.03,59.11,9.37
2288842,old_oranges,24.82,35.56,1002.23,13.62,-18.58,57.70,9.07
2291211,old_oranges,24.82,34.93,1002.23,13.98,-18.22,56.60,8.44
2293580,old_oranges,24.83,34.51,1002.23,14.30,-17.90,55.60,8.02
2295949,old_oranges,24.83,34.32,1002.23,14.44,-17.76,55.15,7.83
2298318,old_oranges,24.83,34.26,1002.23,14.45,-17.75,55.12,7.77
2300687,old_oranges,24.83,34.40,1002.23,14.31,-17.89,55.55,7.91
2303056,old_oranges,24.84,34.37,1002.23,14.61,-17.59,54.63,7.88
2305425,old_oranges,24.84,33.96,1002.23,15.16,-17.04,52.92,7.46
2307794,old_oranges,24.84,33.42,1002.22,14.82,-17.38,53.97,6.93
2310163,old_oranges,24.84,34.04,1002.23,13.74,-18.46,57.32,7.55
2312532,old_oranges,24.85,34.47,1002.23,13.51,-18.69,58.05,7.98
2314901,old_oranges,24.85,34.80,1002.22,12.64,-19.56,60.76,8.31
2317270,old_oranges,24.85,35.65,1002.23,12.29,-19.91,61.84,9.16
2319639,old_oranges,24.86,36.00,1002.23,11.94,-20.26,62.91,9.51
2322008,old_oranges,24.86,36.61,1002.23,10.05,-22.15,68.79,10.12
2324377,old_oranges,24.86,38.50,1002.22,8.54,-23.66,73.47,12.01
2326746,old_oranges,24.86,40.81,1002.23,8.07,-24.13,74.95,14.32
2329115,old_oranges,24.86,42.62,1002.24,8.04,-24.16,75.02,16.13
2331484,old_oranges,24.86,43.88,1002.26,8.42,-23.78,73.86,17.39
2333853,old_oranges,24.86,43.40,1002.26,9.13,-23.07,71.65,16.91
